step,time_s,theta_raw,omega_raw,theta_corrected,omega_corrected,top_error,u_policy_raw,u_signed,u_clipped,u_safe,u_commanded,raw_reward
0.0,0.0,0.0,0.8530280590057373,0.0,0.8530280590057373,-3.141592653589793,3.0,3.0,3.0,3.0,3.0,-1.002072765686945
1.0,0.025,0.0,0.1929740011692047,0.0,0.1929740011692047,-3.141592653589793,3.0,3.0,3.0,3.0,3.0,-1.0020037238965127
2.0,0.05,0.028274333104491234,4.555995941162109,0.028274333104491234,4.555995941162109,-3.113318320485302,3.0,3.0,3.0,3.0,3.0,-1.0036760175738344
3.0,0.07500000000000001,0.11938051879405975,5.559906959533691,0.11938051879405975,5.559906959533691,-3.0222121347957334,3.0,3.0,3.0,3.0,3.0,-0.9979738613529191
4.0,0.1,0.23247785866260529,7.760087490081787,0.23247785866260529,7.760087490081787,-2.909114794927188,3.0,3.0,3.0,3.0,3.0,-0.9811204062383034
5.0,0.125,0.3675663471221924,7.760087490081787,0.3675663471221924,7.760087490081787,-2.7740263064676007,3.0,3.0,3.0,3.0,3.0,-0.9412265260288383
6.0,0.15000000000000002,0.5277875661849976,7.760087490081787,0.5277875661849976,7.760087490081787,-2.6138050874047956,3.0,3.0,3.0,3.0,3.0,-0.8719453127858677
7.0,0.17500000000000002,0.6785840392112732,3.4559056758880615,0.6785840392112732,3.4559056758880615,-2.46300861437852,-2.9999990463256836,-2.9999990463256836,-2.9999990463256836,-2.9999990463256836,-2.9999990463256836,-0.7816566123570254
8.0,0.2,0.8388052582740784,6.439979076385498,0.8388052582740784,6.439979076385498,-2.3027873953157147,-2.999999761581421,-2.999999761581421,-2.999999761581421,-2.999999761581421,-2.999999761581421,-0.6744993381977817
9.0,0.225,0.8859291076660156,0.28213152289390564,0.8859291076660156,0.28213152289390564,-2.2556635459237775,-3.0,-3.0,-3.0,-3.0,-3.0,-0.6345781377233726
10.0,0.25,0.7665486335754395,-7.0061235427856445,0.7665486335754395,-7.0061235427856445,-2.3750440200143537,-3.0,-3.0,-3.0,-3.0,-3.0,-0.7272175834935588
11.0,0.275,0.4335397779941559,-7.0061235427856445,0.4335397779941559,-7.0061235427856445,-2.7080528755956372,-3.0,-3.0,-3.0,-3.0,-3.0,-0.9143930046960164
12.0,0.30000000000000004,-0.012566370889544487,-13.854342460632324,-0.012566370889544487,-13.854342460632324,3.1290262827002486,-3.0,-3.0,-3.0,-3.0,-3.0,-1.0211153247020062
13.0,0.325,-0.4995132386684418,-14.734414100646973,-0.4995132386684418,-14.734414100646973,2.6420794149213513,-3.0,-3.0,-3.0,-3.0,-3.0,-0.9015261196179362
14.0,0.35000000000000003,-0.9864600896835327,-13.634324073791504,-0.9864600896835327,-13.634324073791504,2.1551325639062604,-3.0,-3.0,-3.0,-3.0,-3.0,-0.5722353528790395
15.0,0.375,-1.3508847951889038,-11.530323028564453,-1.3508847951889038,-11.530323028564453,1.7907078584008893,-3.0,-3.0,-3.0,-3.0,-3.0,-0.23343812106122402
16.0,0.4,-1.6713272333145142,-10.650251388549805,-1.6713272333145142,-10.650251388549805,1.470265420275279,-3.0,-3.0,-3.0,-3.0,-3.0,0.08701887128686495
17.0,0.42500000000000004,-1.9666370153427124,-8.546249389648438,-1.9666370153427124,-8.546249389648438,1.1749556382470807,-2.9999899864196777,-2.9999899864196777,-2.9999899864196777,-2.9999899864196777,-2.9999899864196777,0.3762801808636107
18.0,0.45,-2.2556636333465576,-4.022049903869629,-2.2556636333465576,-4.022049903869629,0.8859290202432355,-2.9995532035827637,-2.9995532035827637,-2.9995532035827637,-2.9995532035827637,-2.9995532035827637,0.6289531527542317
19.0,0.47500000000000003,-2.5132741928100586,-6.786105632781982,-2.5132741928100586,-6.786105632781982,0.6283184607797345,-2.9646964073181152,-2.9646964073181152,-2.9646964073181152,-2.9646964073181152,-2.9646964073181152,0.8024587070093269
20.0,0.5,-2.7143361568450928,-4.682104110717773,-2.7143361568450928,-4.682104110717773,0.42725649674470034,-2.6489317417144775,-2.6489317417144775,-2.6489317417144775,-2.6489317417144775,-2.6489317417144775,0.9063545063108782
21.0,0.525,-2.918539524078369,-7.5941572189331055,-2.918539524078369,-7.5941572189331055,0.22305312951142398,2.9999871253967285,2.9999871253967285,2.9999871253967285,2.9999871253967285,2.9999871253967285,0.9674595133835535
22.0,0.55,-3.1698670387268066,-8.725865364074707,-3.1698670387268066,-8.725865364074707,-0.028274385137013525,2.9981253147125244,2.9981253147125244,2.9981253147125244,2.9981253147125244,2.9981253147125244,0.9899887323654553
23.0,0.5750000000000001,-3.4400439262390137,-8.136530876159668,-3.4400439262390137,-8.136530876159668,-0.29845127264922056,-2.9961183071136475,-2.9961183071136475,-2.9961183071136475,-2.9961183071136475,-2.9961183071136475,0.9471778822277122
24.0,0.6000000000000001,-3.619114637374878,-2.7322590351104736,-3.619114637374878,-2.7322590351104736,-0.4775219837850848,-2.9999852180480957,-2.9999852180480957,-2.9999852180480957,-2.9999852180480957,-2.9999852180480957,0.8853899903352965
25.0,0.625,-3.8264598846435547,-8.326231956481934,-3.8264598846435547,-8.326231956481934,-0.6848672310537616,-3.0,-3.0,-3.0,-3.0,-3.0,0.7655704257358585
26.0,0.65,-4.1531853675842285,-12.850431442260742,-4.1531853675842285,-12.850431442260742,-1.0115927139944354,-3.0,-3.0,-3.0,-3.0,-3.0,0.511997927594043
27.0,0.675,-4.6903977394104,-17.278451919555664,-4.6903977394104,-17.278451919555664,-1.5488050858206073,-3.0,-3.0,-3.0,-3.0,-3.0,-0.009865021604315584
28.0,0.7000000000000001,-5.403539180755615,-20.922578811645508,-5.403539180755615,-20.922578811645508,-2.261946527165822,-3.0,-3.0,-3.0,-3.0,-3.0,-0.683199278834994
29.0,0.7250000000000001,-6.104114532470703,-22.462705612182617,-6.104114532470703,-22.462705612182617,-2.96252187888091,-2.9994747638702393,-2.9994747638702393,-2.9994747638702393,-2.9994747638702393,-2.9994747638702393,-1.0364662409054588
30.0,0.75,-7.059158802032471,-22.682723999023438,-7.059158802032471,-22.682723999023438,2.3656191587369086,-2.999999761581421,-2.999999761581421,-2.999999761581421,-2.999999761581421,-2.999999761581421,-0.7671901221237825
31.0,0.775,-8.007919311523438,-22.242687225341797,-8.007919311523438,-22.242687225341797,1.4168586492459418,1.9613025188446045,1.9613025188446045,1.9613025188446045,1.9613025188446045,1.9613025188446045,0.10300188814134721
32.0,0.8,-8.651946067810059,-20.922578811645508,-8.651946067810059,-20.922578811645508,0.7728318929593208,3.0,3.0,3.0,3.0,3.0,0.6701609826692951
33.0,0.8250000000000001,-9.217432975769043,-15.15777587890625,-9.217432975769043,-15.15777587890625,0.20734498500033638,3.0,3.0,3.0,3.0,3.0,0.9536051141562065
34.0,0.8500000000000001,-9.707521438598633,-12.880748748779297,-9.707521438598633,-12.880748748779297,-0.28274347782925346,2.215094566345215,2.215094566345215,2.215094566345215,2.215094566345215,2.215094566345215,0.9426119127430075
35.0,0.875,-10.247875213623047,-15.424785614013672,-10.247875213623047,-15.424785614013672,-0.8230972528536675,-2.9999935626983643,-2.9999935626983643,-2.9999935626983643,-2.9999935626983643,-2.9999935626983643,0.6541610025969339
36.0,0.9,-10.671990394592285,-12.813554763793945,-10.671990394592285,-12.813554763793945,-1.2472124338229058,-3.0,-3.0,-3.0,-3.0,-3.0,0.29954777271893723
37.0,0.925,-11.158937454223633,-18.378541946411133,-11.158937454223633,-18.378541946411133,-1.7341594934542535,-3.0,-3.0,-3.0,-3.0,-3.0,-0.19841458963291306
38.0,0.9500000000000001,-11.821813583374023,-22.242687225341797,-11.821813583374023,-22.242687225341797,-2.397035622604644,-2.999999523162842,-2.999999523162842,-2.999999523162842,-2.999999523162842,-2.999999523162842,-0.7868618636211074
39.0,0.9750000000000001,-12.550662994384766,-26.32685089111328,-12.550662994384766,-26.32685089111328,-3.1258850336153863,0.14455457031726837,0.14455457031726837,0.14455457031726837,0.14455457031726837,0.14455457031726837,-1.0691915892189578
40.0,1.0,-13.304644584655762,-25.886816024780273,-13.304644584655762,-25.886816024780273,2.403318683293204,-2.999958038330078,-2.999958038330078,-2.999958038330078,-2.999958038330078,-2.999958038330078,-0.8086439675428402
41.0,1.0250000000000001,-13.967520713806152,-19.17957305908203,-13.967520713806152,-19.17957305908203,1.7404425541428132,-2.9999282360076904,-2.9999282360076904,-2.9999282360076904,-2.9999282360076904,-2.9999282360076904,-0.2076191721390985
42.0,1.05,-14.592698097229004,-17.058433532714844,-14.592698097229004,-17.058433532714844,1.1152651707199617,0.5696766376495361,0.5696766376495361,0.5696766376495361,0.5696766376495361,0.5696766376495361,0.4107682350295925
43.0,1.075,-15.274423599243164,-16.838415145874023,-15.274423599243164,-16.838415145874023,0.4335396687058015,3.0,3.0,3.0,3.0,3.0,0.8771312514343307
44.0,1.1,-15.996990203857422,-16.59513282775879,-15.996990203857422,-16.59513282775879,-0.2890269359084563,2.999831199645996,2.999831199645996,2.999831199645996,2.999831199645996,2.999831199645996,0.9289820533562881
45.0,1.125,-16.48079490661621,-16.96491241455078,-16.48079490661621,-16.96491241455078,-0.7728316386672454,-2.9975597858428955,-2.9975597858428955,-2.9975597858428955,-2.9975597858428955,-2.9975597858428955,0.6851590175924591
46.0,1.1500000000000001,-17.14052963256836,-12.440711975097656,-17.14052963256836,-12.440711975097656,-1.4325663646193938,-3.0,-3.0,-3.0,-3.0,-3.0,0.12031304575040845
47.0,1.175,-17.806547164916992,-21.36261558532715,-17.806547164916992,-21.36261558532715,-2.0985838969680266,-3.0,-3.0,-3.0,-3.0,-3.0,-0.551259339875791
48.0,1.2000000000000002,-18.48198890686035,-24.566707611083984,-18.48198890686035,-24.566707611083984,-2.774025638911386,-2.997891664505005,-2.997891664505005,-2.997891664505005,-2.997891664505005,-2.997891664505005,-0.9955538925186526
49.0,1.225,-19.327077865600586,-24.566707611083984,-19.327077865600586,-24.566707611083984,2.664070709527966,-2.9999988079071045,-2.9999988079071045,-2.9999988079071045,-2.9999988079071045,-2.9999988079071045,-0.9504888235209673
50.0,1.25,-20.062210083007812,-23.562795639038086,-20.062210083007812,-23.562795639038086,1.9289384921207393,-2.998908042907715,-2.998908042907715,-2.998908042907715,-2.998908042907715,-2.998908042907715,-0.40805396291390833
51.0,1.2750000000000001,-20.7722110748291,-20.922578811645508,-20.7722110748291,-20.922578811645508,1.2189375002994502,2.866312026977539,2.866312026977539,2.866312026977539,2.866312026977539,2.866312026977539,0.29904219349822597
52.0,1.3,-21.513626098632812,-20.922578811645508,-21.513626098632812,-20.922578811645508,0.4775224764957393,3.0,3.0,3.0,3.0,3.0,0.8423608377166603
53.0,1.3250000000000002,-22.063405990600586,-15.004950523376465,-22.063405990600586,-15.004950523376465,-0.07225741547203413,2.9999992847442627,2.9999992847442627,2.9999992847442627,2.9999992847442627,2.9999992847442627,0.9728757155331493
54.0,1.35,-22.600618362426758,-12.880748748779297,-22.600618362426758,-12.880748748779297,-0.609469787298206,-2.9999709129333496,-2.9999709129333496,-2.9999709129333496,-2.9999709129333496,-2.9999709129333496,0.8013603141727068
55.0,1.375,-23.310617446899414,-12.880748748779297,-23.310617446899414,-12.880748748779297,-1.3194688717708623,-3.0,-3.0,-3.0,-3.0,-3.0,0.23009855972613075
56.0,1.4000000000000001,-23.95464324951172,-19.4786319732666,-23.95464324951172,-19.4786319732666,-1.963494674383167,-3.0,-3.0,-3.0,-3.0,-3.0,-0.4226244644903601
57.0,1.425,-24.6018123626709,-23.122758865356445,-24.6018123626709,-23.122758865356445,-2.6106637875423466,-2.999972343444824,-2.999972343444824,-2.999972343444824,-2.999972343444824,-2.999972343444824,-0.9178032864935425
58.0,1.4500000000000002,-25.4940242767334,-24.126670837402344,-25.4940242767334,-24.126670837402344,2.7803096055747396,-2.999999523162842,-2.999999523162842,-2.999999523162842,-2.999999523162842,-2.999999523162842,-0.9956536926377574
59.0,1.475,-26.24486541748047,-25.226760864257812,-26.24486541748047,-25.226760864257812,2.0294684648276693,-2.998011350631714,-2.998011350631714,-2.998011350631714,-2.998011350631714,-2.998011350631714,-0.5083941776111977
60.0,1.5,-26.920307159423828,-21.36261558532715,-26.920307159423828,-21.36261558532715,1.35402672288431,1.7388331890106201,1.7388331890106201,1.7388331890106201,1.7388331890106201,1.7388331890106201,0.16876792216440706
61.0,1.5250000000000001,-27.551767349243164,-20.70256233215332,-27.551767349243164,-20.70256233215332,0.722566533064974,3.0,3.0,3.0,3.0,3.0,0.7052513136186154
62.0,1.55,-28.3497314453125,-14.737940788269043,-28.3497314453125,-14.737940788269043,-0.07539756300436196,2.9999988079071045,2.9999988079071045,2.9999988079071045,2.9999988079071045,2.9999988079071045,0.9734382617490497
63.0,1.5750000000000002,-28.817829132080078,-15.644804000854492,-28.817829132080078,-15.644804000854492,-0.5434952497719401,-1.9497253894805908,-1.9497253894805908,-1.9497253894805908,-1.9497253894805908,-1.9497253894805908,0.830585660861827
64.0,1.6,-29.270217895507812,-12.660730361938477,-29.270217895507812,-12.660730361938477,-0.995884013199678,-3.0,-3.0,-3.0,-3.0,-3.0,0.5257317935072991
65.0,1.625,-29.769731521606445,-16.59337043762207,-29.769731521606445,-16.59337043762207,-1.4953976392983108,-3.0,-3.0,-3.0,-3.0,-3.0,0.04579327377260868
66.0,1.6500000000000001,-30.366634368896484,-21.36261558532715,-30.366634368896484,-21.36261558532715,-2.09230048658835,-3.0,-3.0,-3.0,-3.0,-3.0,-0.5458210484394947
67.0,1.675,-31.2525634765625,-24.566707611083984,-31.2525634765625,-24.566707611083984,-2.9782295942543655,-2.9682250022888184,-2.9682250022888184,-2.9682250022888184,-2.9682250022888184,-2.9682250022888184,-1.048996074943569
68.0,1.7000000000000002,-32.022254943847656,-27.42694091796875,-32.022254943847656,-27.42694091796875,2.535264245640068,-2.9997165203094482,-2.9997165203094482,-2.9997165203094482,-2.9997165203094482,-2.9997165203094482,-0.8989691549263749
69.0,1.725,-32.77623748779297,-23.394596099853516,-32.77623748779297,-23.394596099853516,1.7812817016947555,-2.959672451019287,-2.959672451019287,-2.959672451019287,-2.959672451019287,-2.959672451019287,-0.2656118909340565
70.0,1.75,-33.599334716796875,-21.80265235900879,-33.599334716796875,-21.80265235900879,0.9581844726908493,2.999999761581421,2.999999761581421,2.999999761581421,2.999999761581421,2.999999761581421,0.5254707400475521
71.0,1.7750000000000001,-34.224510192871094,-19.970487594604492,-34.224510192871094,-19.970487594604492,0.3330089966166305,3.0,3.0,3.0,3.0,3.0,0.9031809803878887
72.0,1.8,-34.8214111328125,-15.864821434020996,-34.8214111328125,-15.864821434020996,-0.2638919433247757,2.999636173248291,2.999636173248291,2.999636173248291,2.999636173248291,2.999636173248291,0.9382133478291981
73.0,1.8250000000000002,-35.36804962158203,-18.920915603637695,-35.36804962158203,-18.920915603637695,-0.810530432094307,-2.8563475608825684,-2.8563475608825684,-2.8563475608825684,-2.8563475608825684,-2.8563475608825684,0.651500996883507
74.0,1.85,-35.88641357421875,-14.984749794006348,-35.88641357421875,-14.984749794006348,-1.3288943847310257,-3.0,-3.0,-3.0,-3.0,-3.0,0.21509535129637072
75.0,1.875,-36.73778533935547,-21.56243324279785,-36.73778533935547,-21.56243324279785,-2.1802661498677445,-3.0,-3.0,-3.0,-3.0,-3.0,-0.6209266738754428
76.0,1.9000000000000001,-37.623714447021484,-26.10683250427246,-37.623714447021484,-26.10683250427246,-3.06619525753376,-1.6182668209075928,-1.6182668209075928,-1.6182668209075928,-1.6182668209075928,-1.6182668209075928,-1.0658975857222084
77.0,1.925,-38.55990982055664,-26.5468692779541,-38.55990982055664,-26.5468692779541,2.28079467611067,-2.9997446537017822,-2.9997446537017822,-2.9997446537017822,-2.9997446537017822,-2.9997446537017822,-0.7243058056034983
78.0,1.9500000000000002,-39.417564392089844,-21.025348663330078,-39.417564392089844,-21.025348663330078,1.4231401045774668,-1.5166164636611938,-1.5166164636611938,-1.5166164636611938,-1.5166164636611938,-1.5166164636611938,0.1024025968162185
79.0,1.975,-40.058448791503906,-22.462705612182617,-40.058448791503906,-22.462705612182617,0.7822557051634043,3.0,3.0,3.0,3.0,3.0,0.6568680253620055
80.0,2.0,-40.724464416503906,-17.433040618896484,-40.724464416503906,-17.433040618896484,0.11624008016340426,3.0,3.0,3.0,3.0,3.0,0.9608606349160217
81.0,2.025,-41.26167678833008,-14.1046781539917,-41.26167678833008,-14.1046781539917,-0.4209722916627676,-0.5834797620773315,-0.5834797620773315,-0.5834797620773315,-0.5834797620773315,-0.5834797620773315,0.8927221968565932
82.0,2.0500000000000003,-41.842872619628906,-14.544713973999023,-41.842872619628906,-14.544713973999023,-1.0021681229615957,-3.0,-3.0,-3.0,-3.0,-3.0,0.5153217543607965
83.0,2.075,-42.3769416809082,-19.260377883911133,-42.3769416809082,-19.260377883911133,-1.5362371842408926,-3.0,-3.0,-3.0,-3.0,-3.0,-0.004543951853394746
84.0,2.1,-43.0052604675293,-23.782814025878906,-43.0052604675293,-23.782814025878906,-2.1645559708619864,-2.999997615814209,-2.999997615814209,-2.999997615814209,-2.999997615814209,-2.999997615814209,-0.6180433458118118
85.0,2.125,-43.77809524536133,-25.666797637939453,-43.77809524536133,-25.666797637939453,-2.9373907486940176,-2.865690231323242,-2.865690231323242,-2.865690231323242,-2.865690231323242,-2.865690231323242,-1.0469265177458074
86.0,2.15,-44.55720901489258,-24.566707611083984,-44.55720901489258,-24.566707611083984,2.5666807889543186,-2.9999983310699463,-2.9999983310699463,-2.9999983310699463,-2.9999983310699463,-2.9999983310699463,-0.9015925402983636
87.0,2.1750000000000003,-45.304908752441406,-23.76261329650879,-45.304908752441406,-23.76261329650879,1.8189810514054905,-2.9720616340637207,-2.9720616340637207,-2.9720616340637207,-2.9720616340637207,-2.9720616340637207,-0.3040738110905783
88.0,2.2,-46.01176452636719,-20.922578811645508,-46.01176452636719,-20.922578811645508,1.1121252774797092,2.9978485107421875,2.9978485107421875,2.9978485107421875,2.9978485107421875,2.9978485107421875,0.3969843429160474
89.0,2.225,-46.84114456176758,-22.902742385864258,-46.84114456176758,-22.902742385864258,0.2827452420793186,3.0,3.0,3.0,3.0,3.0,0.9058395938043148
90.0,2.25,-47.43804931640625,-21.392932891845703,-47.43804931640625,-21.392932891845703,-0.31415951255935326,3.0,3.0,3.0,3.0,3.0,0.9032906821345066
91.0,2.275,-48.00039291381836,-16.084840774536133,-48.00039291381836,-16.084840774536133,-0.8765031099714626,-2.9999938011169434,-2.9999938011169434,-2.9999938011169434,-2.9999938011169434,-2.9999938011169434,0.611970230182316
92.0,2.3000000000000003,-48.562740325927734,-16.084840774536133,-48.562740325927734,-16.084840774536133,-1.4388505220808376,-3.0,-3.0,-3.0,-3.0,-3.0,0.10369107152759091
93.0,2.325,-49.14079284667969,-22.242687225341797,-49.14079284667969,-22.242687225341797,-2.0169030428327908,-3.0,-3.0,-3.0,-3.0,-3.0,-0.4829302636800291
94.0,2.35,-50.19950866699219,-26.10683250427246,-50.19950866699219,-26.10683250427246,-3.0756188631452908,-1.4659278392791748,-1.4659278392791748,-1.4659278392791748,-1.4659278392791748,-1.4659278392791748,-1.0664587322788428
95.0,2.375,-51.135704040527344,-25.666797637939453,-51.135704040527344,-25.666797637939453,2.271371070499139,-2.9999420642852783,-2.9999420642852783,-2.9999420642852783,-2.9999420642852783,-2.9999420642852783,-0.7125355418948738
96.0,2.4000000000000004,-51.965084075927734,-22.837310791015625,-51.965084075927734,-22.837310791015625,1.4419910350987486,2.3598101139068604,2.3598101139068604,2.3598101139068604,2.3598101139068604,2.3598101139068604,0.07505765701406175
97.0,2.4250000000000003,-52.7724723815918,-17.718488693237305,-52.7724723815918,-17.718488693237305,0.6346027294346861,3.0,3.0,3.0,3.0,3.0,0.7719128007467085
98.0,2.45,-53.31596755981445,-16.21746253967285,-53.31596755981445,-16.21746253967285,0.09110755121202985,3.0,3.0,3.0,3.0,3.0,0.9675519679612254
99.0,2.475,-53.799774169921875,-13.1007661819458,-53.799774169921875,-13.1007661819458,-0.39269905889539203,-2.1486902236938477,-2.1486902236938477,-2.1486902236938477,-2.1486902236938477,-2.1486902236938477,0.9056905627429208
100.0,2.5,-54.2490234375,-12.440711975097656,-54.2490234375,-12.440711975097656,-0.841948326473517,-3.0,-3.0,-3.0,-3.0,-3.0,0.6485336205744356
101.0,2.5250000000000004,-54.72654342651367,-18.225717544555664,-54.72654342651367,-18.225717544555664,-1.319468315487189,-3.0,-3.0,-3.0,-3.0,-3.0,0.21347278936461073
102.0,2.5500000000000003,-55.317161560058594,-21.36261558532715,-55.317161560058594,-21.36261558532715,-1.9100864490321108,-3.0,-3.0,-3.0,-3.0,-3.0,-0.3804539020623698
103.0,2.575,-56.12141036987305,-23.782814025878906,-56.12141036987305,-23.782814025878906,-2.714335258846564,-2.9997615814208984,-2.9997615814208984,-2.9997615814208984,-2.9997615814208984,-2.9997615814208984,-0.9686675481507221
104.0,2.6,-56.90366744995117,-26.766887664794922,-56.90366744995117,-26.766887664794922,2.7865929682548973,-2.999946117401123,-2.999946117401123,-2.999946117401123,-2.999946117401123,-2.999946117401123,-1.0112931538770165
105.0,2.625,-57.886985778808594,-24.786724090576172,-57.886985778808594,-24.786724090576172,1.8032746393974755,-2.7288198471069336,-2.7288198471069336,-2.7288198471069336,-2.7288198471069336,-2.7288198471069336,-0.2934828081449416
106.0,2.6500000000000004,-58.8420295715332,-22.242687225341797,-58.8420295715332,-22.242687225341797,0.8482308466728661,3.0,3.0,3.0,3.0,3.0,0.6098375290780589
107.0,2.6750000000000003,-59.49862289428711,-20.170303344726562,-59.49862289428711,-20.170303344726562,0.19163752391895983,3.0,3.0,3.0,3.0,3.0,0.9390095439815069
108.0,2.7,-60.35942077636719,-15.644804000854492,-60.35942077636719,-15.644804000854492,-0.6691603581611183,-2.9957122802734375,-2.9957122802734375,-2.9957122802734375,-2.9957122802734375,-2.9957122802734375,0.7578725189908252
109.0,2.725,-61.0537109375,-16.816913604736328,-61.0537109375,-16.816913604736328,-1.3634505192939308,-3.0,-3.0,-3.0,-3.0,-3.0,0.17558242798514326
110.0,2.75,-61.823402404785156,-24.346689224243164,-61.823402404785156,-24.346689224243164,-2.133141986579087,-2.9999918937683105,-2.9999918937683105,-2.9999918937683105,-2.9999918937683105,-2.9999918937683105,-0.5944482238247866
111.0,2.7750000000000004,-62.73446273803711,-26.10683250427246,-62.73446273803711,-26.10683250427246,-3.04420231983104,-1.947791576385498,-1.947791576385498,-1.947791576385498,-1.947791576385498,-1.947791576385498,-1.0642610661714558
112.0,2.8000000000000003,-63.526145935058594,-26.986906051635742,-63.526145935058594,-26.986906051635742,2.4472997903270617,-2.9997949600219727,-2.9997949600219727,-2.9997949600219727,-2.9997949600219727,-2.9997949600219727,-0.8433353862416327
113.0,2.825,-64.27384185791016,-24.049823760986328,-64.27384185791016,-24.049823760986328,1.6996038674754992,-1.9130533933639526,-1.9130533933639526,-1.9130533933639526,-1.9130533933639526,-1.9130533933639526,-0.18710433875763746
114.0,2.85,-64.96499633789062,-22.462705612182617,-64.96499633789062,-22.462705612182617,1.0084493874950304,2.999999523162842,2.999999523162842,2.999999523162842,2.999999523162842,2.999999523162842,0.48071587578724284
115.0,2.875,-65.59645080566406,-20.625715255737305,-65.59645080566406,-20.625715255737305,0.37699491972159294,3.0,3.0,3.0,3.0,3.0,0.8852330735519764
116.0,2.9000000000000004,-66.18392944335938,-14.1046781539917,-66.18392944335938,-14.1046781539917,-0.21048371797371956,2.997854232788086,2.997854232788086,2.997854232788086,2.997854232788086,2.997854232788086,0.9560386299233841
117.0,2.9250000000000003,-66.72428894042969,-14.1046781539917,-66.72428894042969,-14.1046781539917,-0.7508432150440321,-2.999997138977051,-2.999997138977051,-2.999997138977051,-2.999997138977051,-2.999997138977051,0.7092196499971862
118.0,2.95,-67.21751403808594,-14.984749794006348,-67.21751403808594,-14.984749794006348,-1.244068312700282,-3.0,-3.0,-3.0,-3.0,-3.0,0.29649158948203425
119.0,2.975,-67.79871368408203,-21.36261558532715,-67.79871368408203,-21.36261558532715,-1.8252679586963758,-3.0,-3.0,-3.0,-3.0,-3.0,-0.29937022549722864
120.0,3.0,-68.45216369628906,-22.462705612182617,-68.45216369628906,-22.462705612182617,-2.478717970903407,-2.9999985694885254,-2.9999985694885254,-2.9999985694885254,-2.9999985694885254,-2.9999985694885254,-0.8406837657935186
121.0,3.0250000000000004,-69.18101501464844,-25.006742477416992,-69.18101501464844,-25.006742477416992,3.075616017916804,-2.999999761581421,-2.999999761581421,-2.999999761581421,-2.999999761581421,-2.999999761581421,-1.062358047768455
122.0,3.0500000000000003,-69.95069885253906,-26.5468692779541,-69.95069885253906,-26.5468692779541,2.305932180026179,-2.999786138534546,-2.999786138534546,-2.999786138534546,-2.999786138534546,-2.999786138534546,-0.7431612712619178
123.0,3.075,-70.68898010253906,-23.782814025878906,-70.68898010253906,-23.782814025878906,1.5676509300261792,1.3513221740722656,1.3513221740722656,1.3513221740722656,1.3513221740722656,1.3513221740722656,-0.053822626409662164
124.0,3.1,-71.36441802978516,-20.4825439453125,-71.36441802978516,-20.4825439453125,0.8922130027800854,2.999999761581421,2.999999761581421,2.999999761581421,2.999999761581421,2.999999761581421,0.5837373644757425
125.0,3.125,-71.9770278930664,-18.934526443481445,-71.9770278930664,-18.934526443481445,0.2796031394988354,3.0,3.0,3.0,3.0,3.0,0.9233134081029136
126.0,3.1500000000000004,-72.48910522460938,-14.712912559509277,-72.48910522460938,-14.712912559509277,-0.23247419204413333,2.9986047744750977,2.9986047744750977,2.9986047744750977,2.9986047744750977,2.9986047744750977,0.9494542354662592
127.0,3.1750000000000003,-73.10800170898438,-12.880748748779297,-73.10800170898438,-12.880748748779297,-0.8513706764191333,-3.0,-3.0,-3.0,-3.0,-3.0,0.6403613950661867
128.0,3.2,-73.61065673828125,-13.320784568786621,-73.61065673828125,-13.320784568786621,-1.3540257057160083,-3.0,-3.0,-3.0,-3.0,-3.0,0.1953326178086935
129.0,3.225,-74.15100860595703,-21.80265235900879,-74.15100860595703,-21.80265235900879,-1.8943775733917896,-3.0,-3.0,-3.0,-3.0,-3.0,-0.367499547241683
130.0,3.25,-74.88300323486328,-22.682723999023438,-74.88300323486328,-22.682723999023438,-2.6263722022980396,-2.9999871253967285,-2.9999871253967285,-2.9999871253967285,-2.9999871253967285,-2.9999871253967285,-0.923634700843149
131.0,3.2750000000000004,-75.60871124267578,-23.782814025878906,-75.60871124267578,-23.782814025878906,2.9311050970690466,-2.999999761581421,-2.999999761581421,-2.999999761581421,-2.999999761581421,-2.999999761581421,-1.036491386481226
132.0,3.3000000000000003,-76.65486145019531,-24.126670837402344,-76.65486145019531,-24.126670837402344,1.8849548895495154,-2.9903764724731445,-2.9903764724731445,-2.9903764724731445,-2.9903764724731445,-2.9903764724731445,-0.36921313993852306
133.0,3.325,-77.32402038574219,-21.80265235900879,-77.32402038574219,-21.80265235900879,1.2157959540026404,2.9766299724578857,2.9766299724578857,2.9766299724578857,2.9766299724578857,2.9766299724578857,0.2980861884625678
134.0,3.35,-78.0780029296875,-20.922578811645508,-78.0780029296875,-20.922578811645508,0.4618134100573279,3.0,3.0,3.0,3.0,3.0,0.8494705342774862
135.0,3.375,-78.61835479736328,-14.984749794006348,-78.61835479736328,-14.984749794006348,-0.07853845761845335,2.9999990463256836,2.9999990463256836,2.9999990463256836,2.9999990463256836,2.9999990463256836,0.9724631689689198
136.0,3.4000000000000004,-79.12100982666016,-14.492895126342773,-79.12100982666016,-14.492895126342773,-0.5811934869153284,-2.991286277770996,-2.991286277770996,-2.991286277770996,-2.991286277770996,-2.991286277770996,0.812815195448265
137.0,3.4250000000000003,-79.59224700927734,-12.220694541931152,-79.59224700927734,-12.220694541931152,-1.0524306695325159,-3.0,-3.0,-3.0,-3.0,-3.0,0.47852662339034574
138.0,3.45,-80.38079071044922,-21.80265235900879,-80.38079071044922,-21.80265235900879,-1.8409743707043909,-3.0,-3.0,-3.0,-3.0,-3.0,-0.31643859098730504
139.0,3.475,-81.06565856933594,-24.566707611083984,-81.06565856933594,-24.566707611083984,-2.5258422295911096,-2.999753475189209,-2.999753475189209,-2.999753475189209,-2.999753475189209,-2.999753475189209,-0.8786922370413702
140.0,3.5,-82.1369400024414,-25.006742477416992,-82.1369400024414,-25.006742477416992,2.686061644483008,-2.999997615814209,-2.999997615814209,-2.999997615814209,-2.999997615814209,-2.999997615814209,-0.9625612568114502
141.0,3.5250000000000004,-83.05428314208984,-25.006742477416992,-83.05428314208984,-25.006742477416992,1.7687185048345704,-2.057173252105713,-2.057173252105713,-2.057173252105713,-2.057173252105713,-2.057173252105713,-0.26010665242690884
142.0,3.5500000000000003,-83.77684783935547,-22.242687225341797,-83.77684783935547,-22.242687225341797,1.0461538075689454,2.9999966621398926,2.9999966621398926,2.9999966621398926,2.9999966621398926,2.9999966621398926,0.44942992693233924
143.0,3.575,-84.6690673828125,-18.593732833862305,-84.6690673828125,-18.593732833862305,0.15393426411191413,3.0,3.0,3.0,3.0,3.0,0.951602807997382
144.0,3.6,-85.24711608886719,-14.1046781539917,-85.24711608886719,-14.1046781539917,-0.42411444194277337,-0.7476485371589661,-0.7476485371589661,-0.7476485371589661,-0.7476485371589661,-0.7476485371589661,0.8913850976819534
145.0,3.625,-85.78746795654297,-15.424785614013672,-85.78746795654297,-15.424785614013672,-0.9644663096185546,-3.0,-3.0,-3.0,-3.0,-3.0,0.5440631136754421
146.0,3.6500000000000004,-86.37808990478516,-19.992450714111328,-86.37808990478516,-19.992450714111328,-1.5550882578607421,-3.0,-3.0,-3.0,-3.0,-3.0,-0.026262385590626706
147.0,3.6750000000000003,-87.02526092529297,-23.122758865356445,-87.02526092529297,-23.122758865356445,-2.2022592783685546,-2.999999523162842,-2.999999523162842,-2.999999523162842,-2.999999523162842,-2.999999523162842,-0.6457924293024737
148.0,3.7,-88.0211410522461,-26.10683250427246,-88.0211410522461,-26.10683250427246,3.0850459018579066,-2.999999523162842,-2.999999523162842,-2.999999523162842,-2.999999523162842,-2.999999523162842,-1.0685583281033353
149.0,3.725,-88.88507843017578,-26.5468692779541,-88.88507843017578,-26.5468692779541,2.221108523928219,-2.99949312210083,-2.99949312210083,-2.99949312210083,-2.99949312210083,-2.99949312210083,-0.677907862384901
150.0,3.75,-89.62649536132812,-25.886816024780273,-89.62649536132812,-25.886816024780273,1.4796915927758754,2.990349292755127,2.990349292755127,2.990349292755127,2.990349292755127,2.990349292755127,0.021978879516802514
151.0,3.7750000000000004,-90.4244613647461,-21.80265235900879,-90.4244613647461,-21.80265235900879,0.6817255893579066,3.0,3.0,3.0,3.0,3.0,0.7269509580772837
152.0,3.8000000000000003,-91.04963684082031,-15.424785614013672,-91.04963684082031,-15.424785614013672,0.056550113283687864,3.0,3.0,3.0,3.0,3.0,0.9726090672854841
153.0,3.825,-91.7093734741211,-14.1046781539917,-91.7093734741211,-14.1046781539917,-0.6031865200170934,-2.9989309310913086,-2.9989309310913086,-2.9989309310913086,-2.9989309310913086,-2.9989309310913086,0.801639413810903
154.0,3.85,-92.26543426513672,-14.544713973999023,-92.26543426513672,-14.544713973999023,-1.1592473110327184,-3.0,-3.0,-3.0,-3.0,-3.0,0.3768746133466731
155.0,3.875,-93.17964172363281,-23.122758865356445,-93.17964172363281,-23.122758865356445,-2.073454769528812,-2.999999761581421,-2.999999761581421,-2.999999761581421,-2.999999761581421,-2.999999761581421,-0.5372230421525944
156.0,3.9000000000000004,-93.91162872314453,-25.666797637939453,-93.91162872314453,-25.666797637939453,-2.805441769040531,-2.9744842052459717,-2.9744842052459717,-2.9744842052459717,-2.9744842052459717,-2.9744842052459717,-1.0118758826240724
157.0,3.9250000000000003,-94.67817687988281,-26.32685089111328,-94.67817687988281,-26.32685089111328,2.711195381400774,-2.999971866607666,-2.999971866607666,-2.999971866607666,-2.999971866607666,-2.999971866607666,-0.9801103370474534
158.0,3.95,-95.45729064941406,-25.886816024780273,-95.45729064941406,-25.886816024780273,1.932081611869524,-2.9282689094543457,-2.9282689094543457,-2.9282689094543457,-2.9282689094543457,-2.9282689094543457,-0.42239506253872405
159.0,3.975,-96.1704330444336,-23.562795639038086,-96.1704330444336,-23.562795639038086,1.2189392168499928,2.9997477531433105,2.9997477531433105,2.9997477531433105,2.9997477531433105,2.9997477531433105,0.2871215360393397
160.0,4.0,-97.17574310302734,-23.834632873535156,-97.17574310302734,-23.834632873535156,0.21362915825624285,3.0,3.0,3.0,3.0,3.0,0.9184589692839416
161.0,4.025,-97.77578735351562,-16.30485725402832,-97.77578735351562,-16.30485725402832,-0.3864150922320384,2.988541841506958,2.988541841506958,2.988541841506958,2.988541841506958,2.988541841506958,0.8976964654449848
162.0,4.05,-98.60830688476562,-17.52878761291504,-98.60830688476562,-17.52878761291504,-1.2189346234820384,-3.0,-3.0,-3.0,-3.0,-3.0,0.3119202059875658
163.0,4.075,-99.17379760742188,-21.172914505004883,-99.17379760742188,-21.172914505004883,-1.7844253461382884,-3.0,-3.0,-3.0,-3.0,-3.0,-0.2588370433429806
164.0,4.1000000000000005,-99.87437438964844,-22.242687225341797,-99.87437438964844,-22.242687225341797,-2.485002128364851,-2.9999990463256836,-2.9999990463256836,-2.9999990463256836,-2.9999990463256836,-2.9999990463256836,-0.8435517544821067
165.0,4.125,-101.0147705078125,-26.986906051635742,-101.0147705078125,-26.986906051635742,2.657787060650673,-2.999901533126831,-2.999901533126831,-2.999901533126831,-2.999901533126831,-2.999901533126831,-0.9600603390272621
166.0,4.15,-101.7310562133789,-24.566707611083984,-101.7310562133789,-24.566707611083984,1.9415013550842666,-2.9949564933776855,-2.9949564933776855,-2.9949564933776855,-2.9949564933776855,-2.9949564933776855,-0.42461825245295937
167.0,4.175,-102.60441589355469,-22.682723999023438,-102.60441589355469,-22.682723999023438,1.0681416749084853,2.999997138977051,2.999997138977051,2.999997138977051,2.999997138977051,2.999997138977051,0.4283029297872071
168.0,4.2,-103.44007873535156,-21.58263397216797,-103.44007873535156,-21.58263397216797,0.23247883311161033,3.0,3.0,3.0,3.0,3.0,0.9245172770320614
169.0,4.2250000000000005,-104.11865997314453,-14.984749794006348,-104.11865997314453,-14.984749794006348,-0.4461024046813584,1.1767874956130981,1.1767874956130981,1.1767874956130981,1.1767874956130981,1.1767874956130981,0.8793735658659161
170.0,4.25,-104.65587615966797,-15.644804000854492,-104.65587615966797,-15.644804000854492,-0.9833185912047959,-3.0,-3.0,-3.0,-3.0,-3.0,0.5277874140780958
171.0,4.275,-105.41928100585938,-17.1225643157959,-105.41928100585938,-17.1225643157959,-1.7467234373962022,-3.0,-3.0,-3.0,-3.0,-3.0,-0.2063392339253406
172.0,4.3,-106.06330871582031,-23.122758865356445,-106.06330871582031,-23.122758865356445,-2.3907511473571397,-2.999997138977051,-2.999997138977051,-2.999997138977051,-2.999997138977051,-2.999997138977051,-0.786581200549981
173.0,4.325,-107.09375,-25.446779251098633,-107.09375,-25.446779251098633,2.861992875642759,-2.9999964237213135,-2.9999964237213135,-2.9999964237213135,-2.9999964237213135,-2.9999964237213135,-1.027919817620061
174.0,4.3500000000000005,-107.9859619140625,-24.346689224243164,-107.9859619140625,-24.346689224243164,1.969780961580259,-2.998331308364868,-2.998331308364868,-2.998331308364868,-2.998331308364868,-2.998331308364868,-0.4497568317516493
175.0,4.375,-108.67082977294922,-22.022668838500977,-108.67082977294922,-22.022668838500977,1.2849131026935403,2.900916576385498,2.900916576385498,2.900916576385498,2.900916576385498,2.900916576385498,0.23163507310481934
176.0,4.4,-109.58189392089844,-20.70256233215332,-109.58189392089844,-20.70256233215332,0.37384895474432156,3.0,3.0,3.0,3.0,3.0,0.8860689929473226
177.0,4.425,-110.26361846923828,-19.800987243652344,-110.26361846923828,-19.800987243652344,-0.3078755935955222,2.999999761581421,2.999999761581421,2.999999761581421,2.999999761581421,2.999999761581421,0.9117715796660785
178.0,4.45,-110.85424041748047,-12.880748748779297,-110.85424041748047,-12.880748748779297,-0.8984975418377097,-3.0,-3.0,-3.0,-3.0,-3.0,0.6041948132990792
179.0,4.4750000000000005,-111.48255920410156,-14.984749794006348,-111.48255920410156,-14.984749794006348,-1.5268163284588034,-3.0,-3.0,-3.0,-3.0,-3.0,0.019511549087790937
180.0,4.5,-112.18941497802734,-19.918668746948242,-112.18941497802734,-19.918668746948242,-2.2336721023845847,-3.0,-3.0,-3.0,-3.0,-3.0,-0.6570614904199307
181.0,4.525,-113.05335235595703,-22.902742385864258,-113.05335235595703,-22.902742385864258,-3.097609480314272,-2.990149974822998,-2.990149974822998,-2.990149974822998,-2.990149974822998,-2.990149974822998,-1.0534733452292515
182.0,4.55,-113.95498657226562,-24.566707611083984,-113.95498657226562,-24.566707611083984,2.2839416105567203,-2.9999921321868896,-2.9999921321868896,-2.9999921321868896,-2.9999921321868896,-2.9999921321868896,-0.7165681079461497
183.0,4.575,-114.62728881835938,-20.4825439453125,-114.62728881835938,-20.4825439453125,1.6116393644629703,-2.9908056259155273,-2.9908056259155273,-2.9908056259155273,-2.9908056259155273,-2.9908056259155273,-0.08477290347186571
184.0,4.6000000000000005,-115.56034088134766,-19.03859519958496,-115.56034088134766,-19.03859519958496,0.678587301474689,3.0,3.0,3.0,3.0,3.0,0.7402134268083888
185.0,4.625,-116.3017578125,-18.378541946411133,-116.3017578125,-18.378541946411133,-0.06282962967765471,3.0,3.0,3.0,3.0,3.0,0.9622497876262787
186.0,4.65,-116.87352752685547,-15.424785614013672,-116.87352752685547,-15.424785614013672,-0.6345993440331235,-2.9894039630889893,-2.9894039630889893,-2.9894039630889893,-2.9894039630889893,-2.9894039630889893,0.7795309939356644
187.0,4.675,-117.43901824951172,-17.917003631591797,-117.43901824951172,-17.917003631591797,-1.2000900666893735,-3.0,-3.0,-3.0,-3.0,-3.0,0.3281719054187754
188.0,4.7,-118.05477142333984,-22.462705612182617,-118.05477142333984,-22.462705612182617,-1.8158432405174985,-3.0,-3.0,-3.0,-3.0,-3.0,-0.2950591516169421
189.0,4.7250000000000005,-118.7647705078125,-25.446779251098633,-118.7647705078125,-25.446779251098633,-2.5258423249901547,-2.998488187789917,-2.998488187789917,-2.998488187789917,-2.998488187789917,-2.998488187789917,-0.8830921507262156
190.0,4.75,-119.57843780517578,-28.65087127685547,-119.57843780517578,-28.65087127685547,2.9436756848261503,-2.999863386154175,-2.999863386154175,-2.999863386154175,-2.999863386154175,-2.999863386154175,-1.0645653460453217
191.0,4.775,-120.37326049804688,-27.42694091796875,-120.37326049804688,-27.42694091796875,2.1488529919550565,-2.991565227508545,-2.991565227508545,-2.991565227508545,-2.991565227508545,-2.991565227508545,-0.6236098542440989
192.0,4.800000000000001,-121.15866088867188,-22.022668838500977,-121.15866088867188,-22.022668838500977,1.3634526013300565,2.448120355606079,2.448120355606079,2.448120355606079,2.448120355606079,2.448120355606079,0.15602961163596907
193.0,4.825,-122.24879455566406,-23.342777252197266,-122.24879455566406,-23.342777252197266,0.273318934337869,3.0,3.0,3.0,3.0,3.0,0.9063918007623305
194.0,4.8500000000000005,-123.0216293334961,-18.469463348388672,-123.0216293334961,-18.469463348388672,-0.4995158434941622,2.995943784713745,2.995943784713745,2.995943784713745,2.995943784713745,2.995943784713745,0.8417078730120143
195.0,4.875,-123.75047302246094,-16.52487564086914,-123.75047302246094,-16.52487564086914,-1.228359532459006,-3.0,-3.0,-3.0,-3.0,-3.0,0.306476247484619
196.0,4.9,-124.35051727294922,-16.30485725402832,-124.35051727294922,-16.30485725402832,-1.8284037829472872,-3.0,-3.0,-3.0,-3.0,-3.0,-0.28335252491048796
197.0,4.925000000000001,-125.02596282958984,-22.682723999023438,-125.02596282958984,-22.682723999023438,-2.503849339587898,-2.9999969005584717,-2.9999969005584717,-2.9999969005584717,-2.9999969005584717,-2.9999969005584717,-0.8568919896118006
198.0,4.95,-125.75481414794922,-24.126670837402344,-125.75481414794922,-24.126670837402344,3.050484649232313,-3.0,-3.0,-3.0,-3.0,-3.0,-1.0560621604254474
199.0,4.9750000000000005,-126.73499298095703,-24.346689224243164,-126.73499298095703,-24.346689224243164,2.0703058162245007,-2.9998395442962646,-2.9998395442962646,-2.9998395442962646,-2.9998395442962646,-2.9998395442962646,-0.5402709311063935
200.0,5.0,-127.52667236328125,-22.682723999023438,-127.52667236328125,-22.682723999023438,1.278626433900282,2.9731955528259277,2.9731955528259277,2.9731955528259277,2.9731955528259277,2.9731955528259277,0.23461581965587533
201.0,5.025,-128.365478515625,-21.36261558532715,-128.365478515625,-21.36261558532715,0.43982028155651776,3.0,3.0,3.0,3.0,3.0,0.8571920633214246
202.0,5.050000000000001,-129.0597686767578,-14.764731407165527,-129.0597686767578,-14.764731407165527,-0.25446987957629474,2.9967293739318848,2.9967293739318848,2.9967293739318848,2.9967293739318848,2.9967293739318848,0.9440015092602145
203.0,5.075,-129.67237854003906,-13.1007661819458,-129.67237854003906,-13.1007661819458,-0.8670797428575447,-3.0,-3.0,-3.0,-3.0,-3.0,0.6278928241429276
204.0,5.1000000000000005,-130.27870178222656,-13.884659767150879,-130.27870178222656,-13.884659767150879,-1.4734029850450447,-3.0,-3.0,-3.0,-3.0,-3.0,0.07596106691543794
205.0,5.125,-130.97927856445312,-20.922578811645508,-130.97927856445312,-20.922578811645508,-2.1739797672716072,-3.0,-3.0,-3.0,-3.0,-3.0,-0.6130424450497527
206.0,5.15,-131.81808471679688,-24.566707611083984,-131.81808471679688,-24.566707611083984,-3.0127859196153572,-2.9492292404174805,-2.9492292404174805,-2.9492292404174805,-2.9492292404174805,-2.9492292404174805,-1.0540010665161421
207.0,5.175000000000001,-132.7197265625,-23.562795639038086,-132.7197265625,-23.562795639038086,2.368757541861104,-2.9999990463256836,-2.9999990463256836,-2.9999990463256836,-2.9999990463256836,-2.9999990463256836,-0.7734546984059842
208.0,5.2,-133.4642791748047,-20.85055923461914,-133.4642791748047,-20.85055923461914,1.6242049295564165,-2.9865379333496094,-2.9865379333496094,-2.9865379333496094,-2.9865379333496094,-2.9865379333496094,-0.09883988812119396
209.0,5.2250000000000005,-134.3533477783203,-20.922578811645508,-134.3533477783203,-20.922578811645508,0.7351363260407915,3.0,3.0,3.0,3.0,3.0,0.6959638976043417
210.0,5.25,-135.0916290283203,-21.58263397216797,-135.0916290283203,-21.58263397216797,-0.003144923959208512,3.0,3.0,3.0,3.0,3.0,0.9514140458130634
211.0,5.275,-135.79534912109375,-15.424785614013672,-135.79534912109375,-15.424785614013672,-0.706865016732646,-2.999519109725952,-2.999519109725952,-2.999519109725952,-2.999519109725952,-2.999519109725952,0.734609873987557
212.0,5.300000000000001,-136.4707794189453,-16.96491241455078,-136.4707794189453,-16.96491241455078,-1.3822953145842085,-3.0,-3.0,-3.0,-3.0,-3.0,0.15660584566736274
213.0,5.325,-137.23733520507812,-23.562795639038086,-137.23733520507812,-23.562795639038086,-2.148851100717021,-2.9999988079071045,-2.9999988079071045,-2.9999988079071045,-2.9999988079071045,-2.9999988079071045,-0.6039163242666856
214.0,5.3500000000000005,-137.97560119628906,-24.786724090576172,-137.97560119628906,-24.786724090576172,-2.8871170919279585,-2.985243082046509,-2.985243082046509,-2.985243082046509,-2.985243082046509,-2.985243082046509,-1.0312139913907294
215.0,5.375,-138.7704315185547,-25.446779251098633,-138.7704315185547,-25.446779251098633,2.6012378929860027,-2.999993324279785,-2.999993324279785,-2.999993324279785,-2.999993324279785,-2.999993324279785,-0.9242800807237853
216.0,5.4,-139.56524658203125,-25.226760864257812,-139.56524658203125,-25.226760864257812,1.8064228295094402,-2.469174385070801,-2.469174385070801,-2.469174385070801,-2.469174385070801,-2.469174385070801,-0.2984460183867979
217.0,5.425000000000001,-140.4449005126953,-23.122758865356445,-140.4449005126953,-23.122758865356445,0.9267688988453777,3.0,3.0,3.0,3.0,3.0,0.5449547744474518
218.0,5.45,-141.09835815429688,-20.738136291503906,-141.09835815429688,-20.738136291503906,0.2733112572438152,3.0,3.0,3.0,3.0,3.0,0.9178753683016914
219.0,5.4750000000000005,-141.69525146484375,-20.952896118164062,-141.69525146484375,-20.952896118164062,-0.3235820533030598,3.0,3.0,3.0,3.0,3.0,0.9022001508672051
220.0,5.5,-142.2418975830078,-15.644804000854492,-142.2418975830078,-15.644804000854492,-0.8702281714671223,-2.999997615814209,-2.999997615814209,-2.999997615814209,-2.999997615814209,-2.999997615814209,0.618176146357437
221.0,5.525,-142.96446228027344,-15.424785614013672,-142.96446228027344,-15.424785614013672,-1.5927928687327473,-3.0,-3.0,-3.0,-3.0,-3.0,-0.04778716927464451
222.0,5.550000000000001,-143.7278594970703,-22.902742385864258,-143.7278594970703,-22.902742385864258,-2.3561900855296223,-2.9999988079071045,-2.9999988079071045,-2.9999988079071045,-2.9999988079071045,-2.9999988079071045,-0.7615572259026776
223.0,5.575,-144.44415283203125,-25.006742477416992,-144.44415283203125,-25.006742477416992,-3.07248342049056,-2.7345809936523438,-2.7345809936523438,-2.7345809936523438,-2.7345809936523438,-2.7345809936523438,-1.0618083871261115
224.0,5.6000000000000005,-145.21383666992188,-25.886816024780273,-145.21383666992188,-25.886816024780273,2.4410180487984015,-2.999967575073242,-2.999967575073242,-2.999967575073242,-2.999967575073242,-2.999967575073242,-0.8334845716279284
225.0,5.625,-145.9364013671875,-22.93436050415039,-145.9364013671875,-22.93436050415039,1.7184533515327765,-2.8977749347686768,-2.8977749347686768,-2.8977749347686768,-2.8977749347686768,-2.8977749347686768,-0.2015855695457377
226.0,5.65,-146.62127685546875,-22.022668838500977,-146.62127685546875,-22.022668838500977,1.0335778632515265,2.9999969005584717,2.9999969005584717,2.9999969005584717,2.9999969005584717,2.9999969005584717,0.4612484676990111
227.0,5.675000000000001,-147.23388671875,-19.53045082092285,-147.23388671875,-19.53045082092285,0.42096799997027645,3.0,3.0,3.0,3.0,3.0,0.8725499495475947
228.0,5.7,-147.81822204589844,-13.664641380310059,-147.81822204589844,-13.664641380310059,-0.16336732717816105,2.999253273010254,2.999253273010254,2.999253273010254,2.999253273010254,2.999253273010254,0.9660139639425422
229.0,5.7250000000000005,-148.34600830078125,-12.000676155090332,-148.34600830078125,-12.000676155090332,-0.6911535820609735,-2.999999761581421,-2.999999761581421,-2.999999761581421,-2.999999761581421,-2.999999761581421,0.7541095816170038
230.0,5.75,-148.86122131347656,-12.880748748779297,-148.86122131347656,-12.880748748779297,-1.206366594756286,-3.0,-3.0,-3.0,-3.0,-3.0,0.3378251667789577
231.0,5.775,-149.46127319335938,-19.918668746948242,-149.46127319335938,-19.918668746948242,-1.8064184746390985,-3.0,-3.0,-3.0,-3.0,-3.0,-0.27512332457633926
232.0,5.800000000000001,-150.13671875,-23.342777252197266,-150.13671875,-23.342777252197266,-2.4818640312797235,-2.9999890327453613,-2.9999890327453613,-2.9999890327453613,-2.9999890327453613,-2.9999890327453613,-0.8466470990020343
233.0,5.825,-151.23312377929688,-26.32685089111328,-151.23312377929688,-26.32685089111328,2.7049162466029877,-2.999971628189087,-2.999971628189087,-2.999971628189087,-2.999971628189087,-2.999971628189087,-0.9774725829380049
234.0,5.8500000000000005,-151.9965362548828,-26.10683250427246,-151.9965362548828,-26.10683250427246,1.9415037710170502,-2.9164955615997314,-2.9164955615997314,-2.9164955615997314,-2.9164955615997314,-2.9164955615997314,-0.432321791656612
235.0,5.875,-152.7819366455078,-22.022668838500977,-152.7819366455078,-22.022668838500977,1.1561033803920502,2.999113082885742,2.999113082885742,2.999113082885742,2.999113082885742,2.999113082885742,0.3524103097295809
236.0,5.9,-153.42596435546875,-20.85055923461914,-153.42596435546875,-20.85055923461914,0.5120756704311127,3.0,3.0,3.0,3.0,3.0,0.8262547511883125
237.0,5.925000000000001,-154.0102996826172,-16.30485725402832,-154.0102996826172,-16.30485725402832,-0.07225965671732482,3.0,3.0,3.0,3.0,3.0,0.9688055697847389
238.0,5.95,-154.54437255859375,-15.93684196472168,-154.54437255859375,-15.93684196472168,-0.6063325326938873,-2.844736337661743,-2.844736337661743,-2.844736337661743,-2.844736337661743,-2.844736337661743,0.7945468415277758
239.0,5.9750000000000005,-155.0532989501953,-13.664641380310059,-155.0532989501953,-13.664641380310059,-1.1152589242954498,-3.0,-3.0,-3.0,-3.0,-3.0,0.4192727356403941
240.0,6.0,-155.7350311279297,-17.918304443359375,-155.7350311279297,-17.918304443359375,-1.7969911020298248,-3.0,-3.0,-3.0,-3.0,-3.0,-0.25837742588463397
241.0,6.025,-156.4575958251953,-24.566707611083984,-156.4575958251953,-24.566707611083984,-2.51955579929545,-2.999764919281006,-2.999764919281006,-2.999764919281006,-2.999764919281006,-2.999764919281006,-0.875045284076252
242.0,6.050000000000001,-157.23985290527344,-25.886816024780273,-157.23985290527344,-25.886816024780273,2.9813724278060114,-2.9999985694885254,-2.9999985694885254,-2.9999985694885254,-2.9999985694885254,-2.9999985694885254,-1.0562048959417587
243.0,6.075,-158.0001220703125,-25.666797637939453,-158.0001220703125,-25.666797637939453,2.221103262766949,-2.9998936653137207,-2.9998936653137207,-2.9998936653137207,-2.9998936653137207,-2.9998936653137207,-0.6733090323011582
244.0,6.1000000000000005,-158.892333984375,-23.122758865356445,-158.892333984375,-23.122758865356445,1.328891348704449,2.960055351257324,2.960055351257324,2.960055351257324,2.960055351257324,2.960055351257324,0.1841392787690612
245.0,6.125,-159.5771942138672,-21.36261558532715,-159.5771942138672,-21.36261558532715,0.6440311192122614,3.0,3.0,3.0,3.0,3.0,0.7520457469344412
246.0,6.15,-160.39715576171875,-14.932930946350098,-160.39715576171875,-14.932930946350098,-0.17593042863930108,2.999932289123535,2.999932289123535,2.999932289123535,2.999932289123535,2.999932289123535,0.9602649651084604
247.0,6.175000000000001,-161.00662231445312,-19.140933990478516,-161.00662231445312,-19.140933990478516,-0.7853969813736761,-2.346712112426758,-2.346712112426758,-2.346712112426758,-2.346712112426758,-2.346712112426758,0.6692462909917127
248.0,6.2,-161.6003875732422,-12.000676155090332,-161.6003875732422,-12.000676155090332,-1.3791622401627386,-3.0,-3.0,-3.0,-3.0,-3.0,0.1740616992885977
249.0,6.2250000000000005,-162.2758331298828,-18.685955047607422,-162.2758331298828,-18.685955047607422,-2.0546077968033636,-3.0,-3.0,-3.0,-3.0,-3.0,-0.5020730593068189
250.0,6.25,-163.0957794189453,-24.346689224243164,-163.0957794189453,-24.346689224243164,-2.8745540858658636,-2.9948084354400635,-2.9948084354400635,-2.9948084354400635,-2.9948084354400635,-2.9948084354400635,-1.0258257876470847
251.0,6.275,-163.9911346435547,-25.226760864257812,-163.9911346435547,-25.226760864257812,2.5132759967043476,-2.999992847442627,-2.999992847442627,-2.999992847442627,-2.999992847442627,-2.999992847442627,-0.8746570326181566
252.0,6.300000000000001,-164.86135864257812,-21.80265235900879,-164.86135864257812,-21.80265235900879,1.6430519976809101,-2.945814609527588,-2.945814609527588,-2.945814609527588,-2.945814609527588,-2.945814609527588,-0.12165678450014943
253.0,6.325,-165.59962463378906,-19.698650360107422,-165.59962463378906,-19.698650360107422,0.9047860064699726,2.999997615814209,2.999997615814209,2.999997615814209,2.999997615814209,2.999997615814209,0.5770501762621558
254.0,6.3500000000000005,-166.19967651367188,-20.190505981445312,-166.19967651367188,-20.190505981445312,0.30473412658716015,3.0,3.0,3.0,3.0,3.0,0.9111611056463671
255.0,6.375,-166.8437042236328,-16.74489402770996,-166.8437042236328,-16.74489402770996,-0.33929358337377735,2.999256134033203,2.999256134033203,2.999256134033203,2.999256134033203,2.999256134033203,0.9129518552048691
256.0,6.4,-167.34950256347656,-13.1007661819458,-167.34950256347656,-13.1007661819458,-0.8450919232175274,-3.0,-3.0,-3.0,-3.0,-3.0,0.6444995163161141
257.0,6.425000000000001,-167.9495391845703,-15.276787757873535,-167.9495391845703,-15.276787757873535,-1.4451285443112774,-3.0,-3.0,-3.0,-3.0,-3.0,0.09999925334022033
258.0,6.45,-168.5872802734375,-21.142597198486328,-168.5872802734375,-21.142597198486328,-2.082869633178465,-3.0,-3.0,-3.0,-3.0,-3.0,-0.5366866047363912
259.0,6.4750000000000005,-169.27529907226562,-23.122758865356445,-169.27529907226562,-23.122758865356445,-2.77088843200659,-2.9998812675476074,-2.9998812675476074,-2.9998812675476074,-2.9998812675476074,-2.9998812675476074,-0.9875384964991859
260.0,6.5,-170.00100708007812,-24.786724090576172,-170.00100708007812,-24.786724090576172,2.7865888673604964,-2.9999988079071045,-2.9999988079071045,-2.9999988079071045,-2.9999988079071045,-2.9999988079071045,-1.0010833402805823
261.0,6.525,-170.73927307128906,-25.666797637939453,-170.73927307128906,-25.666797637939453,2.048322876149559,-2.9971518516540527,-2.9971518516540527,-2.9971518516540527,-2.9971518516540527,-2.9971518516540527,-0.5274584814125112
262.0,6.550000000000001,-171.41786193847656,-20.922578811645508,-171.41786193847656,-20.922578811645508,1.3697340089620589,0.08185379207134247,0.08185379207134247,0.08185379207134247,0.08185379207134247,0.08185379207134247,0.15593344138972337
263.0,6.575,-172.05560302734375,-20.4825439453125,-172.05560302734375,-20.4825439453125,0.7319929200948714,3.0,3.0,3.0,3.0,3.0,0.6998904448657335
264.0,6.6000000000000005,-172.63365173339844,-17.515607833862305,-172.63365173339844,-17.515607833862305,0.15394421404018388,3.0,3.0,3.0,3.0,3.0,0.9554943206460319
265.0,6.625,-173.15516662597656,-12.220694541931152,-173.15516662597656,-12.220694541931152,-0.3675706785379411,-2.718926429748535,-2.718926429748535,-2.718926429748535,-2.718926429748535,-2.718926429748535,0.9166257449337957
266.0,6.65,-173.6515350341797,-11.340621948242188,-173.6515350341797,-11.340621948242188,-0.8639390867410661,-3.0,-3.0,-3.0,-3.0,-3.0,0.6345862359401416
267.0,6.675000000000001,-174.32383728027344,-20.390321731567383,-174.32383728027344,-20.390321731567383,-1.5362413328348161,-3.0,-3.0,-3.0,-3.0,-3.0,-0.009028404379035659
268.0,6.7,-175.1469268798828,-26.32685089111328,-175.1469268798828,-26.32685089111328,-2.359330932444191,-2.9961977005004883,-2.9961977005004883,-2.9961977005004883,-2.9961977005004883,-2.9961977005004883,-0.7806263404025352
269.0,6.7250000000000005,-175.91976928710938,-27.990816116333008,-175.91976928710938,-27.990816116333008,-3.1321733396707536,2.7417831420898438,2.7417831420898438,2.7417831420898438,2.7417831420898438,2.7417831420898438,-1.079974745009421
270.0,6.75,-176.7177276611328,-24.786724090576172,-176.7177276611328,-24.786724090576172,2.353053593485395,-2.9999914169311523,-2.9999914169311523,-2.9999914169311523,-2.9999914169311523,-2.9999914169311523,-0.7683205052645123
271.0,6.775,-177.47799682617188,-20.2612247467041,-177.47799682617188,-20.2612247467041,1.5927844284463326,-2.9904775619506836,-2.9904775619506836,-2.9904775619506836,-2.9904775619506836,-2.9904775619506836,-0.06502537629542869
272.0,6.800000000000001,-178.07803344726562,-18.378541946411133,-178.07803344726562,-18.378541946411133,0.9927478073525826,2.9946279525756836,2.9946279525756836,2.9946279525756836,2.9946279525756836,2.9946279525756836,0.5106206296256406
273.0,6.825,-178.7314910888672,-19.25861358642578,-178.7314910888672,-19.25861358642578,0.3392901657510201,3.0,3.0,3.0,3.0,3.0,0.9039017288305649
274.0,6.8500000000000005,-179.47604370117188,-11.340621948242188,-179.47604370117188,-11.340621948242188,-0.4052624465536674,-2.9937968254089355,-2.9937968254089355,-2.9937968254089355,-2.9937968254089355,-2.9937968254089355,0.9041462483793533
275.0,6.875,-179.91586303710938,-11.340621948242188,-179.91586303710938,-11.340621948242188,-0.8450817824911674,-3.0,-3.0,-3.0,-3.0,-3.0,0.6488091387091475
276.0,6.9,-180.3933868408203,-18.158523559570312,-180.3933868408203,-18.158523559570312,-1.3226055862021049,-3.0,-3.0,-3.0,-3.0,-3.0,0.210677343582452
277.0,6.925000000000001,-180.99343872070312,-21.142597198486328,-180.99343872070312,-21.142597198486328,-1.9226574660849174,-3.0,-3.0,-3.0,-3.0,-3.0,-0.3913464576684361
278.0,6.95,-181.6908721923828,-26.5468692779541,-181.6908721923828,-26.5468692779541,-2.620090937764605,-2.979644298553467,-2.979644298553467,-2.979644298553467,-2.979644298553467,-2.979644298553467,-0.9395186066502859
279.0,6.9750000000000005,-182.86582946777344,-27.42694091796875,-182.86582946777344,-27.42694091796875,2.4881370940243563,-2.999652147293091,-2.999652147293091,-2.999652147293091,-2.999652147293091,-2.999652147293091,-0.8712110371022428
280.0,7.0,-183.780029296875,-23.782814025878906,-183.780029296875,-23.782814025878906,1.5739372649227938,1.167755126953125,1.167755126953125,1.167755126953125,1.167755126953125,1.167755126953125,-0.060006191048265024
281.0,7.025,-184.61569213867188,-22.242687225341797,-184.61569213867188,-22.242687225341797,0.7382744231259188,3.0,3.0,3.0,3.0,3.0,0.6881572808410423
282.0,7.050000000000001,-185.2157440185547,-17.854637145996094,-185.2157440185547,-17.854637145996094,0.13822254324310634,3.0,3.0,3.0,3.0,3.0,0.9565836569522269
283.0,7.075,-185.85975646972656,-14.984749794006348,-185.85975646972656,-14.984749794006348,-0.5057899079287687,-2.0381877422332764,-2.0381877422332764,-2.0381877422332764,-2.0381877422332764,-2.0381877422332764,0.8514146078432785
284.0,7.1000000000000005,-186.6231689453125,-17.52878761291504,-186.6231689453125,-17.52878761291504,-1.2692023835147062,-3.0,-3.0,-3.0,-3.0,-3.0,0.26431674326844323
285.0,7.125,-187.182373046875,-20.697734832763672,-187.182373046875,-20.697734832763672,-1.8284064850772062,-3.0,-3.0,-3.0,-3.0,-3.0,-0.29960992358868815
286.0,7.15,-187.82640075683594,-22.902742385864258,-187.82640075683594,-22.902742385864258,-2.4724341950381437,-2.9999964237213135,-2.9999964237213135,-2.9999964237213135,-2.9999964237213135,-2.9999964237213135,-0.8387975298289573
287.0,7.175000000000001,-188.56466674804688,-23.342777252197266,-188.56466674804688,-23.342777252197266,3.072485120930505,-3.0,-3.0,-3.0,-3.0,-3.0,-1.054101549662889
288.0,7.2,-189.31552124023438,-25.006742477416992,-189.31552124023438,-25.006742477416992,2.321630628743005,-2.9999852180480957,-2.9999852180480957,-2.9999852180480957,-2.9999852180480957,-2.9999852180480957,-0.7467826693945555
289.0,7.2250000000000005,-190.25799560546875,-21.142597198486328,-190.25799560546875,-21.142597198486328,1.37915626350863,0.3884961009025574,0.3884961009025574,0.3884961009025574,0.3884961009025574,0.3884961009025574,0.1457347078939732
290.0,7.25,-190.91458129882812,-21.36261558532715,-190.91458129882812,-21.36261558532715,0.7225705701492551,3.0,3.0,3.0,3.0,3.0,0.702472118087115
291.0,7.275,-191.54290771484375,-17.055370330810547,-191.54290771484375,-17.055370330810547,0.09424415413363008,3.0,3.0,3.0,3.0,3.0,0.964473740071677
292.0,7.300000000000001,-192.19949340820312,-13.1007661819458,-192.19949340820312,-13.1007661819458,-0.5623415392257449,-2.999584436416626,-2.999584436416626,-2.999584436416626,-2.999584436416626,-2.999584436416626,0.8268465427557706
293.0,7.325,-192.7021484375,-13.664641380310059,-192.7021484375,-13.664641380310059,-1.06499656852262,-3.0,-3.0,-3.0,-3.0,-3.0,0.4638349711448788
294.0,7.3500000000000005,-193.2425079345703,-20.4825439453125,-193.2425079345703,-20.4825439453125,-1.6053560655929324,-3.0,-3.0,-3.0,-3.0,-3.0,-0.07850632030488008
295.0,7.375,-193.95249938964844,-25.886816024780273,-193.95249938964844,-25.886816024780273,-2.3153475206710574,-2.998900890350342,-2.998900890350342,-2.998900890350342,-2.998900890350342,-2.998900890350342,-0.7466530894127531
296.0,7.4,-194.72219848632812,-26.32685089111328,-194.72219848632812,-26.32685089111328,-3.085046617350745,-0.7889599800109863,-0.7889599800109863,-0.7889599800109863,-0.7889599800109863,-0.7889599800109863,-1.0678503305864575
297.0,7.425000000000001,-195.75892639160156,-25.006742477416992,-195.75892639160156,-25.006742477416992,2.161410784555404,-2.9999098777770996,-2.9999098777770996,-2.9999098777770996,-2.9999098777770996,-2.9999098777770996,-0.6214050925721065
298.0,7.45,-196.72024536132812,-20.28449058532715,-196.72024536132812,-20.28449058532715,1.2000918148288413,2.751476287841797,2.751476287841797,2.751476287841797,2.751476287841797,2.751476287841797,0.31944376171800953
299.0,7.4750000000000005,-197.34857177734375,-20.922578811645508,-197.34857177734375,-20.922578811645508,0.5717653988132163,3.0,3.0,3.0,3.0,3.0,0.7951715675179326
